Year,Gilt yield . The 1-year forward rates as at 31 March 2020. Nominal basis,CPI rates. The 1-year forward rates as at 31 March 2020. Nominal basis.
1,0.00180,0.01260
2,0.00180,0.01430
3,0.00190,0.01590
4,0.00170,0.01750
5,0.00160,0.01900
6,0.00200,0.02030
7,0.00330,0.02150
8,0.00530,0.02230
9,0.00770,0.02290
10,0.01000,0.02320
11,0.01200,0.02420
12,0.01350,0.02490
13,0.01430,0.02530
14,0.01480,0.02550
15,0.01490,0.02550
16,0.01490,0.02540
17,0.01470,0.02510
18,0.01440,0.02480
19,0.01390,0.02460
20,0.01330,0.02440
21,0.01250,0.02330
22,0.01140,0.02230
23,0.01030,0.02140
24,0.00920,0.02050
25,0.00800,0.01970
26,0.00700,0.01900
27,0.00600,0.01840
28,0.00520,0.01790
29,0.00450,0.01750
30,0.00400,0.01730
31,0.00360,0.01710
32,0.00330,0.01700
33,0.00320,0.01690
34,0.00310,0.01690
35,0.00300,0.01700
36,0.00300,0.01710
37,0.00300,0.01720
38,0.00310,0.01740
39,0.00310,0.01770
40,0.00320,0.01800
41,0.00320,0.01830
42,0.00320,0.01870
43,0.00320,0.01900
44,0.00310,0.01930
45,0.00310,0.01950
46,0.00300,0.01960
47,0.00300,0.01970
48,0.00290,0.01980
49,0.00280,0.01980
50,0.00280,0.01980
51,0.00280,0.01980
52,0.00280,0.01980
53,0.00280,0.01980
54,0.00280,0.01980
55,0.00280,0.01980
56,0.00280,0.01980
57,0.00280,0.01980
58,0.00280,0.01980
59,0.00280,0.01980
60,0.00280,0.01980
61,0.00280,0.01980
62,0.00280,0.01980
63,0.00280,0.01980
64,0.00280,0.01980
65,0.00280,0.01980
66,0.00280,0.01980
67,0.00280,0.01980
68,0.00280,0.01980
69,0.00280,0.01980
70,0.00280,0.01980
71,0.00280,0.01980
72,0.00280,0.01980
73,0.00280,0.01980
74,0.00280,0.01980
75,0.00280,0.01980
76,0.00280,0.01980
77,0.00280,0.01980
78,0.00280,0.01980
79,0.00280,0.01980
80,0.00280,0.01980
81,0.00280,0.01980
82,0.00280,0.01980
,,
0,0.00000,0.00000
,,
,,
,,
,,
,,
,,
,,
,,
,,
,,
,,
,,
,,
,,
,,
,,
,,
,,
,,
,,
,,
,,
,,
,,
,,
,,
,,
,,
,,
,,
,,
,,
,,
,,
,,
,,
,,
,,
,,
,,
,,
,,
,,
,,
,,
,,
,,
,,
,,
,,
,,
,,
,,
,,
,,
,,
,,
,,
,,
,,
,,
,,
,,
,,
,,
,,
,,
,,
,,
,,
,,
,,
,,
,,
,,
,,
,,
,,
,,
,,
,,
,,
,,
,,
,,
,,
,,
,,
,,
,,
,,
,,
,,
,,
,,
,,
,,
,,
,,
,,
,,
,,
,,
,,
,,
,,
,,
,,
,,
,,
,,
,,
,,
,,
,,
,,
,,
,,
,,
,,
,,
,,
,,
,,
,,
,,
,,
,,
,,
,,
,,
,,
,,
,,
,,
,,
1.77%,0.01800,0.01830